[
  {
    "id": "3d430c65-ee18-4f72-b622-e29d1de798a0",
    "data": [
      {
        "text": "contrasena",
        "alias": "contrasena",
        "meta": "@sys.any",
        "userDefined": true
      }
    ],
    "isTemplate": false,
    "count": 0,
    "updated": 0
  },
  {
    "id": "eab02e62-da7d-4357-ac7c-70b1e7f3d504",
    "data": [
      {
        "text": "usuario",
        "alias": "usuario",
        "meta": "@sys.any",
        "userDefined": true
      }
    ],
    "isTemplate": false,
    "count": 0,
    "updated": 0
  }
]