[
  {
    "id": "68512f27-755e-4932-9bd0-254787640c82",
    "data": [
      {
        "text": "el cuaderno es amarillo",
        "alias": "ingles_5",
        "meta": "@ingles_5",
        "userDefined": true
      }
    ],
    "isTemplate": false,
    "count": 0,
    "updated": 0
  },
  {
    "id": "d514b9f2-f662-4a8d-9492-9205a51bedfe",
    "data": [
      {
        "text": "book",
        "alias": "ingles_4",
        "meta": "@ingles_4",
        "userDefined": true
      }
    ],
    "isTemplate": false,
    "count": 0,
    "updated": 0
  },
  {
    "id": "016d602e-d7ac-49d1-bb4a-702cb3d72a24",
    "data": [
      {
        "text": "my pencil is blue",
        "alias": "ingles_3",
        "meta": "@ingles_3",
        "userDefined": true
      }
    ],
    "isTemplate": false,
    "count": 0,
    "updated": 0
  },
  {
    "id": "0ad8e471-d6ac-403b-a232-1cd00f0f35b8",
    "data": [
      {
        "text": "la casa es roja",
        "alias": "ingles_2",
        "meta": "@ingles_2",
        "userDefined": true
      }
    ],
    "isTemplate": false,
    "count": 0,
    "updated": 0
  },
  {
    "id": "ff322d27-dfaa-42fc-8361-7525a1cc173c",
    "data": [
      {
        "text": "horse",
        "alias": "ingles_1",
        "meta": "@ingles_1",
        "userDefined": true
      }
    ],
    "isTemplate": false,
    "count": 0,
    "updated": 0
  },
  {
    "id": "6ff4b3ea-e493-49ae-971c-1c601d140ce7",
    "data": [
      {
        "text": "continuar",
        "userDefined": false
      }
    ],
    "isTemplate": false,
    "count": 0,
    "updated": 0
  }
]