[
  {
    "id": "a295ea16-cce1-45bf-9eb7-67d88ea2b1b8",
    "data": [
      {
        "text": "duda",
        "alias": "duda",
        "meta": "@sys.any",
        "userDefined": false
      }
    ],
    "isTemplate": false,
    "count": 0,
    "updated": 0
  },
  {
    "id": "bf2f7916-1645-411d-aa3c-88c40e4979e4",
    "data": [
      {
        "text": "William",
        "alias": "usuario",
        "meta": "@sys.any",
        "userDefined": false
      }
    ],
    "isTemplate": false,
    "count": 0,
    "updated": 0
  }
]