[
  {
    "id": "ec2f8145-49e6-4ade-94e8-4ee022157323",
    "data": [
      {
        "text": "celular",
        "alias": "celular",
        "meta": "@sys.phone-number",
        "userDefined": true
      }
    ],
    "isTemplate": false,
    "count": 0,
    "updated": 0
  },
  {
    "id": "d3f34721-f29f-45ef-848a-3684453a2f90",
    "data": [
      {
        "text": "nombre",
        "alias": "nombre",
        "meta": "@sys.any",
        "userDefined": true
      }
    ],
    "isTemplate": false,
    "count": 0,
    "updated": 0
  },
  {
    "id": "80b31fd8-a12c-4900-ad3e-247dda3f85a1",
    "data": [
      {
        "text": "contraseña",
        "alias": "contrasena",
        "meta": "@sys.number",
        "userDefined": true
      }
    ],
    "isTemplate": false,
    "count": 0,
    "updated": 0
  },
  {
    "id": "3dd01010-fd68-4a91-a29e-0fad4a0c699f",
    "data": [
      {
        "text": "usuario",
        "alias": "usuario",
        "meta": "@sys.any",
        "userDefined": true
      }
    ],
    "isTemplate": false,
    "count": 0,
    "updated": 0
  }
]