[
  {
    "id": "6cde6823-e11a-41ce-ad8c-5bd33a57064f",
    "data": [
      {
        "text": "final",
        "alias": "final",
        "meta": "@sys.any",
        "userDefined": true
      }
    ],
    "isTemplate": false,
    "count": 0,
    "updated": 0
  },
  {
    "id": "6c53e644-72d1-44b2-8917-6022424274e2",
    "data": [
      {
        "text": "tiempo",
        "alias": "tiempo",
        "meta": "@sys.any",
        "userDefined": true
      }
    ],
    "isTemplate": false,
    "count": 0,
    "updated": 0
  },
  {
    "id": "392dfd2d-c443-4931-a9c6-e4e2a9822223",
    "data": [
      {
        "text": "gusto",
        "alias": "gusto",
        "meta": "@sys.any",
        "userDefined": true
      }
    ],
    "isTemplate": false,
    "count": 0,
    "updated": 0
  },
  {
    "id": "8ed28f6d-b128-4dce-abeb-c459bffcce50",
    "data": [
      {
        "text": "William",
        "alias": "nombre",
        "meta": "@sys.any",
        "userDefined": true
      }
    ],
    "isTemplate": false,
    "count": 0,
    "updated": 0
  }
]